,DayOfWeek,FlightDate,UniqueCarrier,AirlineID,Carrier,TailNum,FlightNum,OriginAirportID,OriginAirportSeqID,OriginCityMarketID,Origin,OriginCityName,OriginState,OriginStateFips,OriginStateName,OriginWac,DestAirportID,DestAirportSeqID,DestCityMarketID,Dest,DestCityName,DestState,DestStateFips,DestStateName,DestWac,CRSDepTime,DepTime,DepDelay,DepDelayMinutes,DepDel15,DepartureDelayGroups,DepTimeBlk,TaxiOut,WheelsOff,WheelsOn,TaxiIn,CRSArrTime,ArrDelay,ArrDelayMinutes,ArrDel15,ArrivalDelayGroups,ArrTimeBlk,Cancelled,Diverted,CRSElapsedTime,ActualElapsedTime,AirTime,Flights,Distance,DistanceGroup
190116,5,2017-01-13,UA,19977,UA,N831UA,566,13930,1393004,30977,ORD,"Chicago, IL",IL,17,Illinois,41,11193,1119302,33105,CVG,"Cincinnati, OH",KY,21,Kentucky,52,1435,1431.0,-4.0,0.0,0.0,-1.0,1400-1459,14.0,1445.0,1629.0,3.0,1700,-28.0,0.0,0.0,-2.0,1700-1759,0.0,0.0,85.0,61.0,44.0,1.0,264.0,2
227045,2,2017-01-31,AA,19805,AA,N980AA,696,12892,1289204,32575,LAX,"Los Angeles, CA",CA,6,California,91,11057,1105703,31057,CLT,"Charlotte, NC",NC,37,North Carolina,36,2245,2249.0,4.0,4.0,0.0,0.0,2200-2259,14.0,2303.0,604.0,7.0,629,-18.0,0.0,0.0,-2.0,0600-0659,0.0,0.0,284.0,262.0,241.0,1.0,2125.0,9
271290,7,2017-01-22,DL,19790,DL,N842DN,1933,12953,1295302,31703,LGA,"New York, NY",NY,36,New York,22,10397,1039705,30397,ATL,"Atlanta, GA",GA,13,Georgia,34,755,749.0,-6.0,0.0,0.0,-1.0,0700-0759,24.0,813.0,1021.0,9.0,1039,-9.0,0.0,0.0,-1.0,1000-1059,0.0,0.0,164.0,161.0,128.0,1.0,762.0,4
276192,1,2017-01-30,DL,19790,DL,N366NW,374,10397,1039705,30397,ATL,"Atlanta, GA",GA,13,Georgia,34,11278,1127803,30852,DCA,"Washington, DC",VA,51,Virginia,38,2105,2103.0,-2.0,0.0,0.0,-1.0,2100-2159,14.0,2117.0,2231.0,4.0,2249,-14.0,0.0,0.0,-1.0,2200-2259,0.0,0.0,104.0,92.0,74.0,1.0,547.0,3
175695,7,2017-01-08,OO,20304,OO,N423SW,3131,14107,1410702,30466,PHX,"Phoenix, AZ",AZ,4,Arizona,81,14794,1479403,34794,SGU,"St. George, UT",UT,49,Utah,87,1800,1749.0,-11.0,0.0,0.0,-1.0,1800-1859,19.0,1808.0,1858.0,3.0,1912,-11.0,0.0,0.0,-1.0,1900-1959,0.0,0.0,72.0,72.0,50.0,1.0,262.0,2
261015,6,2017-01-07,DL,19790,DL,N313US,1185,14869,1486903,34614,SLC,"Salt Lake City, UT",UT,49,Utah,87,11884,1188402,31884,GEG,"Spokane, WA",WA,53,Washington,93,2015,2016.0,1.0,1.0,0.0,0.0,2000-2059,27.0,2043.0,2109.0,4.0,2108,5.0,5.0,0.0,0.0,2100-2159,0.0,0.0,113.0,117.0,86.0,1.0,546.0,3
64654,5,2017-01-20,NK,20416,NK,N644NK,868,12892,1289204,32575,LAX,"Los Angeles, CA",CA,6,California,91,11298,1129804,30194,DFW,"Dallas/Fort Worth, TX",TX,48,Texas,74,1720,1823.0,63.0,63.0,1.0,4.0,1700-1759,14.0,1837.0,2255.0,8.0,2214,49.0,49.0,1.0,3.0,2200-2259,0.0,0.0,174.0,160.0,138.0,1.0,1235.0,5
86,2,2017-01-24,AA,19805,AA,N177AA,496,14100,1410002,34100,PHL,"Philadelphia, PA",PA,42,Pennsylvania,23,14107,1410702,30466,PHX,"Phoenix, AZ",AZ,4,Arizona,81,1035,1039.0,4.0,4.0,0.0,0.0,1000-1059,19.0,1058.0,1411.0,5.0,1401,15.0,15.0,1.0,1.0,1400-1459,0.0,0.0,326.0,337.0,313.0,1.0,2075.0,9
142489,3,2017-01-04,AS,19930,AS,N524AS,454,14747,1474703,30559,SEA,"Seattle, WA",WA,53,Washington,93,12892,1289204,32575,LAX,"Los Angeles, CA",CA,6,California,91,500,455.0,-5.0,0.0,0.0,-1.0,0001-0559,9.0,504.0,718.0,12.0,739,-9.0,0.0,0.0,-1.0,0700-0759,0.0,0.0,159.0,155.0,134.0,1.0,954.0,4
339525,5,2017-01-06,AA,19805,AA,N3ACAA,1280,14107,1410702,30466,PHX,"Phoenix, AZ",AZ,4,Arizona,81,11618,1161802,31703,EWR,"Newark, NJ",NJ,34,New Jersey,21,2250,2244.0,-6.0,0.0,0.0,-1.0,2200-2259,14.0,2258.0,455.0,11.0,523,-17.0,0.0,0.0,-2.0,0001-0559,0.0,0.0,273.0,262.0,237.0,1.0,2133.0,9
196778,7,2017-01-08,WN,19393,WN,N928WN,4064,11540,1154003,30615,ELP,"El Paso, TX",TX,48,Texas,74,12191,1219102,31453,HOU,"Houston, TX",TX,48,Texas,74,1340,1427.0,47.0,47.0,1.0,3.0,1300-1359,10.0,1437.0,1703.0,7.0,1630,40.0,40.0,1.0,2.0,1600-1659,0.0,0.0,110.0,103.0,86.0,1.0,677.0,3
385230,1,2017-01-23,F9,20436,F9,N233FR,1322,14869,1486903,34614,SLC,"Salt Lake City, UT",UT,49,Utah,87,13930,1393004,30977,ORD,"Chicago, IL",IL,17,Illinois,41,1915,1917.0,2.0,2.0,0.0,0.0,1900-1959,31.0,1948.0,2309.0,7.0,2323,-7.0,0.0,0.0,-1.0,2300-2359,0.0,0.0,188.0,179.0,141.0,1.0,1250.0,6
350188,1,2017-01-23,AS,19930,AS,N527AS,577,10800,1080003,32575,BUR,"Burbank, CA",CA,6,California,91,14747,1474703,30559,SEA,"Seattle, WA",WA,53,Washington,93,1700,1656.0,-4.0,0.0,0.0,-1.0,1700-1759,18.0,1714.0,1920.0,6.0,1936,-10.0,0.0,0.0,-1.0,1900-1959,0.0,0.0,156.0,150.0,126.0,1.0,937.0,4
218093,3,2017-01-25,WN,19393,WN,N289CT,681,10821,1082104,30852,BWI,"Baltimore, MD",MD,24,Maryland,35,12191,1219102,31453,HOU,"Houston, TX",TX,48,Texas,74,1940,1935.0,-5.0,0.0,0.0,-1.0,1900-1959,11.0,1946.0,2205.0,5.0,2225,-15.0,0.0,0.0,-1.0,2200-2259,0.0,0.0,225.0,215.0,199.0,1.0,1246.0,5
246936,1,2017-01-30,AS,19930,AS,N263AK,668,14747,1474703,30559,SEA,"Seattle, WA",WA,53,Washington,93,11292,1129202,30325,DEN,"Denver, CO",CO,8,Colorado,82,1015,1011.0,-4.0,0.0,0.0,-1.0,1000-1059,25.0,1036.0,1333.0,7.0,1345,-5.0,0.0,0.0,-1.0,1300-1359,0.0,0.0,150.0,149.0,117.0,1.0,1024.0,5
194166,2,2017-01-10,UA,19977,UA,N26208,347,11292,1129202,30325,DEN,"Denver, CO",CO,8,Colorado,82,12953,1295302,31703,LGA,"New York, NY",NY,36,New York,22,810,803.0,-7.0,0.0,0.0,-1.0,0800-0859,11.0,814.0,1321.0,5.0,1354,-28.0,0.0,0.0,-2.0,1300-1359,0.0,0.0,224.0,203.0,187.0,1.0,1620.0,7
163428,1,2017-01-02,EV,20366,EV,N14570,3801,11977,1197703,31977,GRB,"Green Bay, WI",WI,55,Wisconsin,45,13930,1393004,30977,ORD,"Chicago, IL",IL,17,Illinois,41,700,656.0,-4.0,0.0,0.0,-1.0,0700-0759,18.0,714.0,757.0,13.0,815,-5.0,0.0,0.0,-1.0,0800-0859,0.0,0.0,75.0,74.0,43.0,1.0,173.0,1
313212,2,2017-01-10,WN,19393,WN,N459WN,620,10423,1042302,30423,AUS,"Austin, TX",TX,48,Texas,74,15304,1530402,33195,TPA,"Tampa, FL",FL,12,Florida,33,1355,1355.0,0.0,0.0,0.0,0.0,1300-1359,7.0,1402.0,1702.0,4.0,1700,6.0,6.0,0.0,0.0,1700-1759,0.0,0.0,125.0,131.0,120.0,1.0,928.0,4
172107,4,2017-01-05,OO,20304,OO,N140SY,5326,14107,1410702,30466,PHX,"Phoenix, AZ",AZ,4,Arizona,81,12892,1289204,32575,LAX,"Los Angeles, CA",CA,6,California,91,750,910.0,80.0,80.0,1.0,5.0,0700-0759,12.0,922.0,947.0,36.0,827,116.0,116.0,1.0,7.0,0800-0859,0.0,0.0,97.0,133.0,85.0,1.0,370.0,2
350006,1,2017-01-23,AS,19930,AS,N495AS,117,14747,1474703,30559,SEA,"Seattle, WA",WA,53,Washington,93,11630,1163002,31517,FAI,"Fairbanks, AK",AK,2,Alaska,1,2110,2106.0,-4.0,0.0,0.0,-1.0,2100-2159,11.0,2117.0,2340.0,4.0,2359,-15.0,0.0,0.0,-1.0,2300-2359,0.0,0.0,229.0,218.0,203.0,1.0,1533.0,7
196860,7,2017-01-08,WN,19393,WN,N7701B,835,11697,1169704,32467,FLL,"Fort Lauderdale, FL",FL,12,Florida,33,15304,1530402,33195,TPA,"Tampa, FL",FL,12,Florida,33,2140,2213.0,33.0,33.0,1.0,2.0,2100-2159,11.0,2224.0,2303.0,6.0,2240,29.0,29.0,1.0,1.0,2200-2259,0.0,0.0,60.0,56.0,39.0,1.0,197.0,1
55088,2,2017-01-17,HA,19690,HA,N480HA,110,12982,1298202,32982,LIH,"Lihue, HI",HI,15,Hawaii,2,12173,1217302,32134,HNL,"Honolulu, HI",HI,15,Hawaii,2,707,707.0,0.0,0.0,0.0,0.0,0700-0759,7.0,714.0,735.0,7.0,739,3.0,3.0,0.0,0.0,0700-0759,0.0,0.0,32.0,35.0,21.0,1.0,102.0,1
152596,3,2017-01-25,B6,20409,B6,N969JB,1833,10721,1072102,30721,BOS,"Boston, MA",MA,25,Massachusetts,13,14771,1477102,32457,SFO,"San Francisco, CA",CA,6,California,91,1050,1047.0,-3.0,0.0,0.0,-1.0,1000-1059,17.0,1104.0,1409.0,8.0,1443,-26.0,0.0,0.0,-2.0,1400-1459,0.0,0.0,413.0,390.0,365.0,1.0,2704.0,11
388993,7,2017-01-01,NK,20416,NK,N627NK,193,12889,1288903,32211,LAS,"Las Vegas, NV",NV,32,Nevada,85,14747,1474703,30559,SEA,"Seattle, WA",WA,53,Washington,93,1108,1108.0,0.0,0.0,0.0,0.0,1100-1159,13.0,1121.0,1336.0,49.0,1352,33.0,33.0,1.0,2.0,1300-1359,0.0,0.0,164.0,197.0,135.0,1.0,867.0,4
99438,5,2017-01-06,WN,19393,WN,N8624J,1597,13232,1323202,30977,MDW,"Chicago, IL",IL,17,Illinois,41,13487,1348702,31650,MSP,"Minneapolis, MN",MN,27,Minnesota,63,620,614.0,-6.0,0.0,0.0,-1.0,0600-0659,14.0,628.0,726.0,5.0,750,-19.0,0.0,0.0,-2.0,0700-0759,0.0,0.0,90.0,77.0,58.0,1.0,349.0,2
16010,4,2017-01-26,AA,19805,AA,N8AGAA,2375,13930,1393004,30977,ORD,"Chicago, IL",IL,17,Illinois,41,11298,1129804,30194,DFW,"Dallas/Fort Worth, TX",TX,48,Texas,74,1825,1819.0,-6.0,0.0,0.0,-1.0,1800-1859,26.0,1845.0,2053.0,15.0,2053,15.0,15.0,1.0,1.0,2000-2059,0.0,0.0,148.0,169.0,128.0,1.0,802.0,4
142090,2,2017-01-03,AS,19930,AS,N569AS,566,14057,1405702,34057,PDX,"Portland, OR",OR,41,Oregon,92,12892,1289204,32575,LAX,"Los Angeles, CA",CA,6,California,91,1955,1949.0,-6.0,0.0,0.0,-1.0,1900-1959,16.0,2005.0,2202.0,15.0,2216,1.0,1.0,0.0,0.0,2200-2259,0.0,0.0,141.0,148.0,117.0,1.0,834.0,4
25842,3,2017-01-11,DL,19790,DL,N668DN,2235,10397,1039705,30397,ATL,"Atlanta, GA",GA,13,Georgia,34,13495,1349503,33495,MSY,"New Orleans, LA",LA,22,Louisiana,72,750,747.0,-3.0,0.0,0.0,-1.0,0700-0759,9.0,756.0,809.0,3.0,826,-14.0,0.0,0.0,-1.0,0800-0859,0.0,0.0,96.0,85.0,73.0,1.0,425.0,2
60089,2,2017-01-24,NK,20416,NK,N519NK,1027,10721,1072102,30721,BOS,"Boston, MA",MA,25,Massachusetts,13,10821,1082104,30852,BWI,"Baltimore, MD",MD,24,Maryland,35,2018,2042.0,24.0,24.0,1.0,1.0,2000-2059,19.0,2101.0,2204.0,9.0,2157,16.0,16.0,1.0,1.0,2100-2159,0.0,0.0,99.0,91.0,63.0,1.0,369.0,2
239590,6,2017-01-28,AA,19805,AA,N3DYAA,2463,14100,1410002,34100,PHL,"Philadelphia, PA",PA,42,Pennsylvania,23,13303,1330303,32467,MIA,"Miami, FL",FL,12,Florida,33,600,556.0,-4.0,0.0,0.0,-1.0,0600-0659,18.0,614.0,844.0,5.0,859,-10.0,0.0,0.0,-1.0,0800-0859,0.0,0.0,179.0,173.0,150.0,1.0,1013.0,5
365024,6,2017-01-14,DL,19790,DL,N315DN,151,11278,1127803,30852,DCA,"Washington, DC",VA,51,Virginia,38,10397,1039705,30397,ATL,"Atlanta, GA",GA,13,Georgia,34,1445,1459.0,14.0,14.0,0.0,0.0,1400-1459,11.0,1510.0,1632.0,8.0,1648,-8.0,0.0,0.0,-1.0,1600-1659,0.0,0.0,123.0,101.0,82.0,1.0,547.0,3
6459,4,2017-01-05,AA,19805,AA,N3FNAA,1512,14107,1410702,30466,PHX,"Phoenix, AZ",AZ,4,Arizona,81,11278,1127803,30852,DCA,"Washington, DC",VA,51,Virginia,38,55,50.0,-5.0,0.0,0.0,-1.0,0001-0559,15.0,105.0,625.0,3.0,700,-32.0,0.0,0.0,-2.0,0700-0759,0.0,0.0,245.0,218.0,200.0,1.0,1979.0,8
102739,6,2017-01-07,WN,19393,WN,N761RR,2152,13244,1324402,33244,MEM,"Memphis, TN",TN,47,Tennessee,54,15304,1530402,33195,TPA,"Tampa, FL",FL,12,Florida,33,645,645.0,0.0,0.0,0.0,0.0,0600-0659,15.0,700.0,927.0,6.0,935,-2.0,0.0,0.0,-1.0,0900-0959,0.0,0.0,110.0,108.0,87.0,1.0,655.0,3
448931,1,2017-01-23,WN,19393,WN,N552WN,566,14831,1483104,32457,SJC,"San Jose, CA",CA,6,California,91,12892,1289204,32575,LAX,"Los Angeles, CA",CA,6,California,91,1155,1249.0,54.0,54.0,1.0,3.0,1100-1159,12.0,1301.0,1405.0,10.0,1310,65.0,65.0,1.0,4.0,1300-1359,0.0,0.0,75.0,86.0,64.0,1.0,308.0,2
359839,2,2017-01-03,DL,19790,DL,N991AT,2012,12953,1295302,31703,LGA,"New York, NY",NY,36,New York,22,11697,1169704,32467,FLL,"Fort Lauderdale, FL",FL,12,Florida,33,900,857.0,-3.0,0.0,0.0,-1.0,0900-0959,32.0,929.0,1207.0,2.0,1218,-9.0,0.0,0.0,-1.0,1200-1259,0.0,0.0,198.0,192.0,158.0,1.0,1076.0,5
364855,5,2017-01-13,DL,19790,DL,N937DL,2591,11298,1129804,30194,DFW,"Dallas/Fort Worth, TX",TX,48,Texas,74,10397,1039705,30397,ATL,"Atlanta, GA",GA,13,Georgia,34,700,659.0,-1.0,0.0,0.0,-1.0,0700-0759,11.0,710.0,949.0,7.0,1007,-11.0,0.0,0.0,-1.0,1000-1059,0.0,0.0,127.0,117.0,99.0,1.0,731.0,3
322712,4,2017-01-26,WN,19393,WN,N7751A,4314,15304,1530402,33195,TPA,"Tampa, FL",FL,12,Florida,33,10821,1082104,30852,BWI,"Baltimore, MD",MD,24,Maryland,35,1140,1200.0,20.0,20.0,1.0,1.0,1100-1159,11.0,1211.0,1354.0,4.0,1350,8.0,8.0,0.0,0.0,1300-1359,0.0,0.0,130.0,118.0,103.0,1.0,842.0,4
282649,3,2017-01-25,EV,20366,EV,N13566,4389,10785,1078502,30785,BTV,"Burlington, VT",VT,50,Vermont,16,13930,1393004,30977,ORD,"Chicago, IL",IL,17,Illinois,41,630,627.0,-3.0,0.0,0.0,-1.0,0600-0659,44.0,711.0,826.0,15.0,815,26.0,26.0,1.0,1.0,0800-0859,0.0,0.0,165.0,194.0,135.0,1.0,763.0,4
50476,5,2017-01-06,EV,20366,EV,N854AS,5541,10397,1039705,30397,ATL,"Atlanta, GA",GA,13,Georgia,34,10208,1020803,30208,AGS,"Augusta, GA",GA,13,Georgia,34,810,808.0,-2.0,0.0,0.0,-1.0,0800-0859,13.0,821.0,849.0,2.0,903,-12.0,0.0,0.0,-1.0,0900-0959,0.0,0.0,53.0,43.0,28.0,1.0,143.0,1
174492,6,2017-01-07,OO,20304,OO,N182SY,3495,11638,1163805,31638,FAT,"Fresno, CA",CA,6,California,91,14747,1474703,30559,SEA,"Seattle, WA",WA,53,Washington,93,1149,1159.0,10.0,10.0,0.0,0.0,1100-1159,17.0,1216.0,1358.0,7.0,1405,0.0,0.0,0.0,0.0,1400-1459,0.0,0.0,136.0,126.0,102.0,1.0,748.0,3
416214,5,2017-01-20,UA,19977,UA,N57852,675,13930,1393004,30977,ORD,"Chicago, IL",IL,17,Illinois,41,11292,1129202,30325,DEN,"Denver, CO",CO,8,Colorado,82,730,730.0,0.0,0.0,0.0,0.0,0700-0759,25.0,755.0,904.0,8.0,914,-2.0,0.0,0.0,-1.0,0900-0959,0.0,0.0,164.0,162.0,129.0,1.0,888.0,4
30278,5,2017-01-13,DL,19790,DL,N546US,1768,14747,1474703,30559,SEA,"Seattle, WA",WA,53,Washington,93,13487,1348702,31650,MSP,"Minneapolis, MN",MN,27,Minnesota,63,806,806.0,0.0,0.0,0.0,0.0,0800-0859,27.0,833.0,1317.0,3.0,1330,-10.0,0.0,0.0,-1.0,1300-1359,0.0,0.0,204.0,194.0,164.0,1.0,1399.0,6
228192,1,2017-01-23,AA,19805,AA,N970AA,735,14100,1410002,34100,PHL,"Philadelphia, PA",PA,42,Pennsylvania,23,12889,1288903,32211,LAS,"Las Vegas, NV",NV,32,Nevada,85,1555,1551.0,-4.0,0.0,0.0,-1.0,1500-1559,32.0,1623.0,1854.0,6.0,1832,28.0,28.0,1.0,1.0,1800-1859,0.0,0.0,337.0,369.0,331.0,1.0,2176.0,9
309553,2,2017-01-03,WN,19393,WN,N8509U,1208,13342,1334205,33342,MKE,"Milwaukee, WI",WI,55,Wisconsin,45,14747,1474703,30559,SEA,"Seattle, WA",WA,53,Washington,93,1100,1100.0,0.0,0.0,0.0,0.0,1100-1159,14.0,1114.0,1259.0,12.0,1330,-19.0,0.0,0.0,-2.0,1300-1359,0.0,0.0,270.0,251.0,225.0,1.0,1694.0,7
294774,3,2017-01-18,UA,19977,UA,N77865,1767,11292,1129202,30325,DEN,"Denver, CO",CO,8,Colorado,82,11278,1127803,30852,DCA,"Washington, DC",VA,51,Virginia,38,945,950.0,5.0,5.0,0.0,0.0,0900-0959,19.0,1009.0,1458.0,5.0,1455,8.0,8.0,0.0,0.0,1400-1459,0.0,0.0,190.0,193.0,169.0,1.0,1476.0,6
283350,3,2017-01-11,EV,20366,EV,N14558,4420,13931,1393102,33667,ORF,"Norfolk, VA",VA,51,Virginia,38,11618,1161802,31703,EWR,"Newark, NJ",NJ,34,New Jersey,21,930,921.0,-9.0,0.0,0.0,-1.0,0900-0959,9.0,930.0,1028.0,6.0,1058,-24.0,0.0,0.0,-2.0,1000-1059,0.0,0.0,88.0,73.0,58.0,1.0,284.0,2
406957,2,2017-01-17,OO,20304,OO,N760SK,3035,10372,1037203,30372,ASE,"Aspen, CO",CO,8,Colorado,82,12892,1289204,32575,LAX,"Los Angeles, CA",CA,6,California,91,1830,1949.0,79.0,79.0,1.0,5.0,1800-1859,26.0,2015.0,2048.0,10.0,1948,70.0,70.0,1.0,4.0,1900-1959,0.0,0.0,138.0,129.0,93.0,1.0,737.0,3
313640,2,2017-01-10,WN,19393,WN,N961WN,1442,11042,1104203,30647,CLE,"Cleveland, OH",OH,39,Ohio,44,13232,1323202,30977,MDW,"Chicago, IL",IL,17,Illinois,41,1240,1320.0,40.0,40.0,1.0,2.0,1200-1259,12.0,1332.0,1329.0,8.0,1250,47.0,47.0,1.0,3.0,1200-1259,0.0,0.0,70.0,77.0,57.0,1.0,307.0,2
34658,5,2017-01-20,DL,19790,DL,N863DN,2534,12889,1288903,32211,LAS,"Las Vegas, NV",NV,32,Nevada,85,11433,1143302,31295,DTW,"Detroit, MI",MI,26,Michigan,43,1216,1214.0,-2.0,0.0,0.0,-1.0,1200-1259,15.0,1229.0,1856.0,8.0,1919,-15.0,0.0,0.0,-1.0,1900-1959,0.0,0.0,243.0,230.0,207.0,1.0,1749.0,7
180007,3,2017-01-18,OO,20304,OO,N898SK,4668,10849,1084903,30849,BZN,"Bozeman, MT",MT,30,Montana,84,14869,1486903,34614,SLC,"Salt Lake City, UT",UT,49,Utah,87,1308,1259.0,-9.0,0.0,0.0,-1.0,1300-1359,11.0,1310.0,1407.0,5.0,1430,-18.0,0.0,0.0,-2.0,1400-1459,0.0,0.0,82.0,73.0,57.0,1.0,347.0,2
147425,2,2017-01-31,B6,20409,B6,N565JB,1196,11697,1169704,32467,FLL,"Fort Lauderdale, FL",FL,12,Florida,33,14307,1430702,30721,PVD,"Providence, RI",RI,44,Rhode Island,15,1313,1315.0,2.0,2.0,0.0,0.0,1300-1359,20.0,1335.0,1626.0,7.0,1610,23.0,23.0,1.0,1.0,1600-1659,0.0,0.0,177.0,198.0,171.0,1.0,1188.0,5
7085,1,2017-01-09,AA,19805,AA,N017AA,1534,11298,1129804,30194,DFW,"Dallas/Fort Worth, TX",TX,48,Texas,74,13342,1334205,33342,MKE,"Milwaukee, WI",WI,55,Wisconsin,45,1220,1216.0,-4.0,0.0,0.0,-1.0,1200-1259,15.0,1231.0,1426.0,4.0,1435,-5.0,0.0,0.0,-1.0,1400-1459,0.0,0.0,135.0,134.0,115.0,1.0,853.0,4
297676,1,2017-01-16,UA,19977,UA,N67134,1920,11618,1161802,31703,EWR,"Newark, NJ",NJ,34,New Jersey,21,14771,1477102,32457,SFO,"San Francisco, CA",CA,6,California,91,700,654.0,-6.0,0.0,0.0,-1.0,0700-0759,15.0,709.0,945.0,14.0,1041,-42.0,0.0,0.0,-2.0,1000-1059,0.0,0.0,401.0,365.0,336.0,1.0,2565.0,11
126078,6,2017-01-21,AA,19805,AA,N835AA,426,12892,1289204,32575,LAX,"Los Angeles, CA",CA,6,California,91,10693,1069302,30693,BNA,"Nashville, TN",TN,47,Tennessee,54,835,826.0,-9.0,0.0,0.0,-1.0,0800-0859,23.0,849.0,1404.0,10.0,1446,-32.0,0.0,0.0,-2.0,1400-1459,0.0,0.0,251.0,228.0,195.0,1.0,1797.0,8
371048,5,2017-01-27,DL,19790,DL,N985DL,1443,11995,1199502,31995,GSO,"Greensboro/High Point, NC",NC,37,North Carolina,36,10397,1039705,30397,ATL,"Atlanta, GA",GA,13,Georgia,34,1412,1413.0,1.0,1.0,0.0,0.0,1400-1459,15.0,1428.0,1527.0,4.0,1544,-13.0,0.0,0.0,-1.0,1500-1559,0.0,0.0,92.0,78.0,59.0,1.0,306.0,2
76317,7,2017-01-22,OO,20304,OO,N960SW,5093,14771,1477102,32457,SFO,"San Francisco, CA",CA,6,California,91,14893,1489302,33192,SMF,"Sacramento, CA",CA,6,California,91,728,718.0,-10.0,0.0,0.0,-1.0,0700-0759,15.0,733.0,759.0,6.0,822,-17.0,0.0,0.0,-2.0,0800-0859,0.0,0.0,54.0,47.0,26.0,1.0,86.0,1
76981,7,2017-01-22,OO,20304,OO,N447SW,7403,12129,1212903,32129,HIB,"Hibbing, MN",MN,27,Minnesota,63,12343,1234303,32343,INL,"International Falls, MN",MN,27,Minnesota,63,2201,,,,,,2200-2259,,,,,2247,,,,,2200-2259,1.0,0.0,46.0,,,1.0,86.0,1
329348,3,2017-01-11,AA,19805,AA,N3HFAA,87,13930,1393004,30977,ORD,"Chicago, IL",IL,17,Illinois,41,14057,1405702,34057,PDX,"Portland, OR",OR,41,Oregon,92,1654,1651.0,-3.0,0.0,0.0,-1.0,1600-1659,10.0,1701.0,1915.0,5.0,1927,-7.0,0.0,0.0,-1.0,1900-1959,0.0,0.0,273.0,269.0,254.0,1.0,1739.0,7
437203,7,2017-01-15,WN,19393,WN,N7824A,2469,10800,1080003,32575,BUR,"Burbank, CA",CA,6,California,91,13796,1379604,32457,OAK,"Oakland, CA",CA,6,California,91,1430,1428.0,-2.0,0.0,0.0,-1.0,1400-1459,8.0,1436.0,1528.0,5.0,1545,-12.0,0.0,0.0,-1.0,1500-1559,0.0,0.0,75.0,65.0,52.0,1.0,325.0,2
86958,7,2017-01-08,UA,19977,UA,N26208,695,14747,1474703,30559,SEA,"Seattle, WA",WA,53,Washington,93,11292,1129202,30325,DEN,"Denver, CO",CO,8,Colorado,82,1536,1533.0,-3.0,0.0,0.0,-1.0,1500-1559,11.0,1544.0,1846.0,10.0,1915,-19.0,0.0,0.0,-2.0,1900-1959,0.0,0.0,159.0,143.0,122.0,1.0,1024.0,5
153140,3,2017-01-25,B6,20409,B6,N789JB,1925,14831,1483104,32457,SJC,"San Jose, CA",CA,6,California,91,12954,1295403,32575,LGB,"Long Beach, CA",CA,6,California,91,1837,1829.0,-8.0,0.0,0.0,-1.0,1800-1859,13.0,1842.0,1936.0,4.0,1955,-15.0,0.0,0.0,-1.0,1900-1959,0.0,0.0,78.0,71.0,54.0,1.0,324.0,2
408802,3,2017-01-25,OO,20304,OO,N937SW,5145,13930,1393004,30977,ORD,"Chicago, IL",IL,17,Illinois,41,13344,1334402,33344,MKG,"Muskegon, MI",MI,26,Michigan,43,1553,1552.0,-1.0,0.0,0.0,-1.0,1500-1559,17.0,1609.0,1738.0,6.0,1749,-5.0,0.0,0.0,-1.0,1700-1759,0.0,0.0,56.0,52.0,29.0,1.0,118.0,1
416164,5,2017-01-20,UA,19977,UA,N494UA,626,13930,1393004,30977,ORD,"Chicago, IL",IL,17,Illinois,41,14100,1410002,34100,PHL,"Philadelphia, PA",PA,42,Pennsylvania,23,1750,1743.0,-7.0,0.0,0.0,-1.0,1700-1759,32.0,1815.0,2038.0,9.0,2048,-1.0,0.0,0.0,-1.0,2000-2059,0.0,0.0,118.0,124.0,83.0,1.0,678.0,3
119343,6,2017-01-28,WN,19393,WN,N8684F,5715,12953,1295302,31703,LGA,"New York, NY",NY,36,New York,22,10397,1039705,30397,ATL,"Atlanta, GA",GA,13,Georgia,34,1235,1228.0,-7.0,0.0,0.0,-1.0,1200-1259,13.0,1241.0,1436.0,7.0,1520,-37.0,0.0,0.0,-2.0,1500-1559,0.0,0.0,165.0,135.0,115.0,1.0,762.0,4
390227,4,2017-01-26,NK,20416,NK,N532NK,259,10158,1015804,30158,ACY,"Atlantic City, NJ",NJ,34,New Jersey,21,11697,1169704,32467,FLL,"Fort Lauderdale, FL",FL,12,Florida,33,700,650.0,-10.0,0.0,0.0,-1.0,0700-0759,10.0,700.0,927.0,6.0,946,-13.0,0.0,0.0,-1.0,0900-0959,0.0,0.0,166.0,163.0,147.0,1.0,977.0,4
127739,2,2017-01-17,AA,19805,AA,N534AA,468,11298,1129804,30194,DFW,"Dallas/Fort Worth, TX",TX,48,Texas,74,14679,1467903,33570,SAN,"San Diego, CA",CA,6,California,91,1230,1226.0,-4.0,0.0,0.0,-1.0,1200-1259,22.0,1248.0,1325.0,4.0,1339,-10.0,0.0,0.0,-1.0,1300-1359,0.0,0.0,189.0,183.0,157.0,1.0,1171.0,5
139712,2,2017-01-10,AA,19805,AA,N548AA,2202,11298,1129804,30194,DFW,"Dallas/Fort Worth, TX",TX,48,Texas,74,15376,1537602,30436,TUS,"Tucson, AZ",AZ,4,Arizona,81,1100,1056.0,-4.0,0.0,0.0,-1.0,1100-1159,32.0,1128.0,1229.0,8.0,1225,12.0,12.0,0.0,0.0,1200-1259,0.0,0.0,145.0,161.0,121.0,1.0,813.0,4
320323,4,2017-01-26,WN,19393,WN,N954WN,1397,11433,1143302,31295,DTW,"Detroit, MI",MI,26,Michigan,43,10397,1039705,30397,ATL,"Atlanta, GA",GA,13,Georgia,34,715,710.0,-5.0,0.0,0.0,-1.0,0700-0759,20.0,730.0,907.0,8.0,930,-15.0,0.0,0.0,-1.0,0900-0959,0.0,0.0,135.0,125.0,97.0,1.0,594.0,3
414841,6,2017-01-21,UA,19977,UA,N802UA,397,13487,1348702,31650,MSP,"Minneapolis, MN",MN,27,Minnesota,63,13930,1393004,30977,ORD,"Chicago, IL",IL,17,Illinois,41,1125,1119.0,-6.0,0.0,0.0,-1.0,1100-1159,28.0,1147.0,1236.0,9.0,1305,-20.0,0.0,0.0,-2.0,1300-1359,0.0,0.0,100.0,86.0,49.0,1.0,334.0,2
257827,4,2017-01-05,DL,19790,DL,N915DE,2233,13198,1319801,33198,MCI,"Kansas City, MO",MO,29,Missouri,64,10397,1039705,30397,ATL,"Atlanta, GA",GA,13,Georgia,34,815,1035.0,140.0,140.0,1.0,9.0,0800-0859,65.0,1140.0,1406.0,4.0,1117,173.0,173.0,1.0,11.0,1100-1159,0.0,0.0,122.0,155.0,86.0,1.0,692.0,3
298207,7,2017-01-15,UA,19977,UA,N69839,559,12889,1288903,32211,LAS,"Las Vegas, NV",NV,32,Nevada,85,11292,1129202,30325,DEN,"Denver, CO",CO,8,Colorado,82,1025,1022.0,-3.0,0.0,0.0,-1.0,1000-1059,19.0,1041.0,1305.0,5.0,1321,-11.0,0.0,0.0,-1.0,1300-1359,0.0,0.0,116.0,108.0,84.0,1.0,628.0,3
367308,7,2017-01-15,DL,19790,DL,N3762Y,1322,12889,1288903,32211,LAS,"Las Vegas, NV",NV,32,Nevada,85,12478,1247803,31703,JFK,"New York, NY",NY,36,New York,22,1300,1258.0,-2.0,0.0,0.0,-1.0,1300-1359,12.0,1310.0,2034.0,10.0,2059,-15.0,0.0,0.0,-1.0,2000-2059,0.0,0.0,299.0,286.0,264.0,1.0,2248.0,9
281089,2,2017-01-31,EV,20366,EV,N680AE,2759,13377,1337702,33377,MLU,"Monroe, LA",LA,22,Louisiana,72,11298,1129804,30194,DFW,"Dallas/Fort Worth, TX",TX,48,Texas,74,1020,1013.0,-7.0,0.0,0.0,-1.0,1000-1059,16.0,1029.0,1126.0,18.0,1145,-1.0,0.0,0.0,-1.0,1100-1159,0.0,0.0,85.0,91.0,57.0,1.0,293.0,2
431247,5,2017-01-06,WN,19393,WN,N917WN,287,10821,1082104,30852,BWI,"Baltimore, MD",MD,24,Maryland,35,10994,1099402,30994,CHS,"Charleston, SC",SC,45,South Carolina,37,1430,1425.0,-5.0,0.0,0.0,-1.0,1400-1459,10.0,1435.0,1556.0,9.0,1610,-5.0,0.0,0.0,-1.0,1600-1659,0.0,0.0,100.0,100.0,81.0,1.0,472.0,2
125054,6,2017-01-07,AA,19805,AA,N519AA,400,11057,1105703,31057,CLT,"Charlotte, NC",NC,37,North Carolina,36,10721,1072102,30721,BOS,"Boston, MA",MA,25,Massachusetts,13,1309,1308.0,-1.0,0.0,0.0,-1.0,1300-1359,20.0,1328.0,1458.0,15.0,1513,0.0,0.0,0.0,0.0,1500-1559,0.0,0.0,124.0,125.0,90.0,1.0,728.0,3
265807,2,2017-01-17,DL,19790,DL,N965DL,1814,10397,1039705,30397,ATL,"Atlanta, GA",GA,13,Georgia,34,14193,1419304,33728,PNS,"Pensacola, FL",FL,12,Florida,33,1504,1502.0,-2.0,0.0,0.0,-1.0,1500-1559,12.0,1514.0,1502.0,4.0,1519,-13.0,0.0,0.0,-1.0,1500-1559,0.0,0.0,75.0,64.0,48.0,1.0,271.0,2
327695,6,2017-01-07,AA,19805,AA,N788AA,9,12478,1247803,31703,JFK,"New York, NY",NY,36,New York,22,14771,1477102,32457,SFO,"San Francisco, CA",CA,6,California,91,700,757.0,57.0,57.0,1.0,3.0,0700-0759,35.0,832.0,1155.0,8.0,1045,78.0,78.0,1.0,5.0,1000-1059,0.0,0.0,405.0,426.0,383.0,1.0,2586.0,11
64974,1,2017-01-30,NK,20416,NK,N612NK,902,11298,1129804,30194,DFW,"Dallas/Fort Worth, TX",TX,48,Texas,74,13204,1320402,31454,MCO,"Orlando, FL",FL,12,Florida,33,740,732.0,-8.0,0.0,0.0,-1.0,0700-0759,15.0,747.0,1050.0,9.0,1113,-14.0,0.0,0.0,-1.0,1100-1159,0.0,0.0,153.0,147.0,123.0,1.0,985.0,4
386985,1,2017-01-30,F9,20436,F9,N712FR,1310,13930,1393004,30977,ORD,"Chicago, IL",IL,17,Illinois,41,13303,1330303,32467,MIA,"Miami, FL",FL,12,Florida,33,700,656.0,-4.0,0.0,0.0,-1.0,0700-0759,22.0,718.0,1048.0,11.0,1117,-18.0,0.0,0.0,-2.0,1100-1159,0.0,0.0,197.0,183.0,150.0,1.0,1197.0,5
7830,2,2017-01-24,AA,19805,AA,N3JHAA,1569,14492,1449202,34492,RDU,"Raleigh/Durham, NC",NC,37,North Carolina,36,11298,1129804,30194,DFW,"Dallas/Fort Worth, TX",TX,48,Texas,74,700,659.0,-1.0,0.0,0.0,-1.0,0700-0759,12.0,711.0,906.0,16.0,915,7.0,7.0,0.0,0.0,0900-0959,0.0,0.0,195.0,203.0,175.0,1.0,1061.0,5
66296,4,2017-01-19,NK,20416,NK,N527NK,991,14057,1405702,34057,PDX,"Portland, OR",OR,41,Oregon,92,12892,1289204,32575,LAX,"Los Angeles, CA",CA,6,California,91,1728,1751.0,23.0,23.0,1.0,1.0,1700-1759,16.0,1807.0,2001.0,34.0,1943,52.0,52.0,1.0,3.0,1900-1959,0.0,0.0,135.0,164.0,114.0,1.0,834.0,4
32031,4,2017-01-19,DL,19790,DL,N942AT,2436,14869,1486903,34614,SLC,"Salt Lake City, UT",UT,49,Utah,87,11292,1129202,30325,DEN,"Denver, CO",CO,8,Colorado,82,1110,1106.0,-4.0,0.0,0.0,-1.0,1100-1159,35.0,1141.0,1237.0,5.0,1241,1.0,1.0,0.0,0.0,1200-1259,0.0,0.0,91.0,96.0,56.0,1.0,391.0,2
353900,5,2017-01-27,B6,20409,B6,N612JB,403,12478,1247803,31703,JFK,"New York, NY",NY,36,New York,22,14843,1484304,34819,SJU,"San Juan, PR",PR,72,Puerto Rico,3,1002,949.0,-13.0,0.0,0.0,-1.0,1000-1059,18.0,1007.0,1426.0,7.0,1455,-22.0,0.0,0.0,-2.0,1400-1459,0.0,0.0,233.0,224.0,199.0,1.0,1598.0,7
413118,6,2017-01-28,OO,20304,OO,N863AS,3118,13342,1334205,33342,MKE,"Milwaukee, WI",WI,55,Wisconsin,45,13930,1393004,30977,ORD,"Chicago, IL",IL,17,Illinois,41,1010,1028.0,18.0,18.0,1.0,1.0,1000-1059,30.0,1058.0,1127.0,15.0,1105,37.0,37.0,1.0,2.0,1100-1159,0.0,0.0,55.0,74.0,29.0,1.0,67.0,1
295166,2,2017-01-17,UA,19977,UA,N772UA,300,14771,1477102,32457,SFO,"San Francisco, CA",CA,6,California,91,12173,1217302,32134,HNL,"Honolulu, HI",HI,15,Hawaii,2,1310,1313.0,3.0,3.0,0.0,0.0,1300-1359,17.0,1330.0,1614.0,3.0,1652,-35.0,0.0,0.0,-2.0,1600-1659,0.0,0.0,342.0,304.0,284.0,1.0,2398.0,10
445218,7,2017-01-22,WN,19393,WN,N7844A,4548,14679,1467903,33570,SAN,"San Diego, CA",CA,6,California,91,14107,1410702,30466,PHX,"Phoenix, AZ",AZ,4,Arizona,81,1120,1129.0,9.0,9.0,0.0,0.0,1100-1159,46.0,1215.0,1356.0,10.0,1330,36.0,36.0,1.0,2.0,1300-1359,0.0,0.0,70.0,97.0,41.0,1.0,304.0,2
307906,2,2017-01-03,WN,19393,WN,N7843A,454,11140,1114006,31140,CRP,"Corpus Christi, TX",TX,48,Texas,74,12191,1219102,31453,HOU,"Houston, TX",TX,48,Texas,74,955,1014.0,19.0,19.0,1.0,1.0,0900-0959,11.0,1025.0,1057.0,4.0,1045,16.0,16.0,1.0,1.0,1000-1059,0.0,0.0,50.0,47.0,32.0,1.0,187.0,1
248843,4,2017-01-26,B6,20409,B6,N974JB,97,12478,1247803,31703,JFK,"New York, NY",NY,36,New York,22,11292,1129202,30325,DEN,"Denver, CO",CO,8,Colorado,82,2019,2018.0,-1.0,0.0,0.0,-1.0,2000-2059,52.0,2110.0,2249.0,5.0,2257,-3.0,0.0,0.0,-1.0,2200-2259,0.0,0.0,278.0,276.0,219.0,1.0,1626.0,7
316525,2,2017-01-10,WN,19393,WN,N734SA,819,15304,1530402,33195,TPA,"Tampa, FL",FL,12,Florida,33,11697,1169704,32467,FLL,"Fort Lauderdale, FL",FL,12,Florida,33,1025,1029.0,4.0,4.0,0.0,0.0,1000-1059,16.0,1045.0,1127.0,26.0,1125,28.0,28.0,1.0,1.0,1100-1159,0.0,0.0,60.0,84.0,42.0,1.0,197.0,1
198490,7,2017-01-08,WN,19393,WN,N452WN,3354,14679,1467903,33570,SAN,"San Diego, CA",CA,6,California,91,14771,1477102,32457,SFO,"San Francisco, CA",CA,6,California,91,1440,1629.0,109.0,109.0,1.0,7.0,1400-1459,15.0,1644.0,1801.0,6.0,1610,117.0,117.0,1.0,7.0,1600-1659,0.0,0.0,90.0,98.0,77.0,1.0,447.0,2
127127,3,2017-01-25,AA,19805,AA,N579AA,454,11292,1129202,30325,DEN,"Denver, CO",CO,8,Colorado,82,11298,1129804,30194,DFW,"Dallas/Fort Worth, TX",TX,48,Texas,74,1634,1633.0,-1.0,0.0,0.0,-1.0,1600-1659,16.0,1649.0,1918.0,25.0,1932,11.0,11.0,0.0,0.0,1900-1959,0.0,0.0,118.0,130.0,89.0,1.0,641.0,3
83550,2,2017-01-24,UA,19977,UA,N76514,596,11292,1129202,30325,DEN,"Denver, CO",CO,8,Colorado,82,12953,1295302,31703,LGA,"New York, NY",NY,36,New York,22,1237,1356.0,79.0,79.0,1.0,5.0,1200-1259,35.0,1431.0,1938.0,8.0,1819,87.0,87.0,1.0,5.0,1800-1859,0.0,0.0,222.0,230.0,187.0,1.0,1620.0,7
361674,3,2017-01-04,DL,19790,DL,N930DN,1712,15304,1530402,33195,TPA,"Tampa, FL",FL,12,Florida,33,13487,1348702,31650,MSP,"Minneapolis, MN",MN,27,Minnesota,63,1815,1809.0,-6.0,0.0,0.0,-1.0,1800-1859,13.0,1822.0,2035.0,5.0,2045,-5.0,0.0,0.0,-1.0,2000-2059,0.0,0.0,210.0,211.0,193.0,1.0,1306.0,6
20370,3,2017-01-04,B6,20409,B6,N216JB,2680,11618,1161802,31703,EWR,"Newark, NJ",NJ,34,New Jersey,21,10721,1072102,30721,BOS,"Boston, MA",MA,25,Massachusetts,13,2124,2211.0,47.0,47.0,1.0,3.0,2100-2159,15.0,2226.0,2307.0,9.0,2231,45.0,45.0,1.0,3.0,2200-2259,0.0,0.0,67.0,65.0,41.0,1.0,200.0,1
323524,5,2017-01-27,WN,19393,WN,N437WN,1982,11259,1125903,30194,DAL,"Dallas, TX",TX,48,Texas,74,10721,1072102,30721,BOS,"Boston, MA",MA,25,Massachusetts,13,1200,1157.0,-3.0,0.0,0.0,-1.0,1200-1259,10.0,1207.0,1604.0,5.0,1630,-21.0,0.0,0.0,-2.0,1600-1659,0.0,0.0,210.0,192.0,177.0,1.0,1554.0,7
88480,6,2017-01-07,UA,19977,UA,N13718,1611,14908,1490803,32575,SNA,"Santa Ana, CA",CA,6,California,91,13930,1393004,30977,ORD,"Chicago, IL",IL,17,Illinois,41,645,641.0,-4.0,0.0,0.0,-1.0,0600-0659,23.0,704.0,1229.0,4.0,1254,-21.0,0.0,0.0,-2.0,1200-1259,0.0,0.0,249.0,232.0,205.0,1.0,1726.0,7
283806,4,2017-01-05,EV,20366,EV,N17115,4445,12951,1295104,32951,LFT,"Lafayette, LA",LA,22,Louisiana,72,12266,1226603,31453,IAH,"Houston, TX",TX,48,Texas,74,1214,1208.0,-6.0,0.0,0.0,-1.0,1200-1259,11.0,1219.0,1302.0,7.0,1324,-15.0,0.0,0.0,-1.0,1300-1359,0.0,0.0,70.0,61.0,43.0,1.0,201.0,1
100905,6,2017-01-07,WN,19393,WN,N710SW,49,10279,1027903,30279,AMA,"Amarillo, TX",TX,48,Texas,74,11259,1125903,30194,DAL,"Dallas, TX",TX,48,Texas,74,655,653.0,-2.0,0.0,0.0,-1.0,0600-0659,16.0,709.0,754.0,3.0,810,-13.0,0.0,0.0,-1.0,0800-0859,0.0,0.0,75.0,64.0,45.0,1.0,323.0,2
215806,2,2017-01-24,WN,19393,WN,N774SW,1167,12953,1295302,31703,LGA,"New York, NY",NY,36,New York,22,13232,1323202,30977,MDW,"Chicago, IL",IL,17,Illinois,41,2055,2138.0,43.0,43.0,1.0,2.0,2000-2059,22.0,2200.0,2254.0,3.0,2230,27.0,27.0,1.0,1.0,2200-2259,0.0,0.0,155.0,139.0,114.0,1.0,725.0,3
413415,7,2017-01-22,UA,19977,UA,N69819,263,14747,1474703,30559,SEA,"Seattle, WA",WA,53,Washington,93,11292,1129202,30325,DEN,"Denver, CO",CO,8,Colorado,82,745,733.0,-12.0,0.0,0.0,-1.0,0700-0759,21.0,754.0,1102.0,18.0,1125,-5.0,0.0,0.0,-1.0,1100-1159,0.0,0.0,160.0,167.0,128.0,1.0,1024.0,5
110308,5,2017-01-13,WN,19393,WN,N760SW,1515,11618,1161802,31703,EWR,"Newark, NJ",NJ,34,New Jersey,21,10423,1042302,30423,AUS,"Austin, TX",TX,48,Texas,74,1325,1323.0,-2.0,0.0,0.0,-1.0,1300-1359,12.0,1335.0,1613.0,4.0,1640,-23.0,0.0,0.0,-2.0,1600-1659,0.0,0.0,255.0,234.0,218.0,1.0,1504.0,7
403311,6,2017-01-14,OO,20304,OO,N116SY,5307,11292,1129202,30325,DEN,"Denver, CO",CO,8,Colorado,82,15376,1537602,30436,TUS,"Tucson, AZ",AZ,4,Arizona,81,1855,1851.0,-4.0,0.0,0.0,-1.0,1800-1859,26.0,1917.0,2058.0,7.0,2058,7.0,7.0,0.0,0.0,2000-2059,0.0,0.0,123.0,134.0,101.0,1.0,639.0,3
405171,7,2017-01-15,OO,20304,OO,N8932C,7431,14869,1486903,34614,SLC,"Salt Lake City, UT",UT,49,Utah,87,14113,1411302,34113,PIH,"Pocatello, ID",ID,16,Idaho,83,2206,2204.0,-2.0,0.0,0.0,-1.0,2200-2259,9.0,2213.0,2246.0,2.0,2306,-18.0,0.0,0.0,-2.0,2300-2359,0.0,0.0,60.0,44.0,33.0,1.0,150.0,1
412493,5,2017-01-27,OO,20304,OO,N157SY,5445,14771,1477102,32457,SFO,"San Francisco, CA",CA,6,California,91,12892,1289204,32575,LAX,"Los Angeles, CA",CA,6,California,91,2255,2254.0,-1.0,0.0,0.0,-1.0,2200-2259,20.0,2314.0,6.0,5.0,23,-12.0,0.0,0.0,-1.0,0001-0559,0.0,0.0,88.0,77.0,52.0,1.0,337.0,2
418579,4,2017-01-19,UA,19977,UA,N855UA,2029,13502,1350202,33502,MTJ,"Montrose/Delta, CO",CO,8,Colorado,82,11292,1129202,30325,DEN,"Denver, CO",CO,8,Colorado,82,1315,1327.0,12.0,12.0,0.0,0.0,1300-1359,10.0,1337.0,1416.0,5.0,1421,0.0,0.0,0.0,0.0,1400-1459,0.0,0.0,66.0,54.0,39.0,1.0,196.0,1
122353,7,2017-01-29,WN,19393,WN,N415WN,4634,12892,1289204,32575,LAX,"Los Angeles, CA",CA,6,California,91,14107,1410702,30466,PHX,"Phoenix, AZ",AZ,4,Arizona,81,1500,1500.0,0.0,0.0,0.0,0.0,1500-1559,9.0,1509.0,1708.0,4.0,1715,-3.0,0.0,0.0,-1.0,1700-1759,0.0,0.0,75.0,72.0,59.0,1.0,370.0,2
429050,4,2017-01-05,WN,19393,WN,N7708E,1864,13198,1319801,33198,MCI,"Kansas City, MO",MO,29,Missouri,64,12892,1289204,32575,LAX,"Los Angeles, CA",CA,6,California,91,1930,2038.0,68.0,68.0,1.0,4.0,1900-1959,8.0,2046.0,2214.0,10.0,2105,79.0,79.0,1.0,5.0,2100-2159,0.0,0.0,215.0,226.0,208.0,1.0,1363.0,6
200561,1,2017-01-09,WN,19393,WN,N7705A,1200,12889,1288903,32211,LAS,"Las Vegas, NV",NV,32,Nevada,85,13204,1320402,31454,MCO,"Orlando, FL",FL,12,Florida,33,950,1140.0,110.0,110.0,1.0,7.0,0900-0959,10.0,1150.0,1847.0,8.0,1710,105.0,105.0,1.0,7.0,1700-1759,0.0,0.0,260.0,255.0,237.0,1.0,2039.0,9
95790,1,2017-01-02,WN,19393,WN,N564WN,4740,11292,1129202,30325,DEN,"Denver, CO",CO,8,Colorado,82,10397,1039705,30397,ATL,"Atlanta, GA",GA,13,Georgia,34,1355,1545.0,110.0,110.0,1.0,7.0,1300-1359,7.0,1552.0,2018.0,15.0,1845,108.0,108.0,1.0,7.0,1800-1859,0.0,0.0,170.0,168.0,146.0,1.0,1199.0,5
414622,6,2017-01-21,UA,19977,UA,N73259,39,12266,1226603,31453,IAH,"Houston, TX",TX,48,Texas,74,13256,1325602,33256,MFE,"Mission/McAllen/Edinburg, TX",TX,48,Texas,74,2130,2120.0,-10.0,0.0,0.0,-1.0,2100-2159,12.0,2132.0,2224.0,4.0,2251,-23.0,0.0,0.0,-2.0,2200-2259,0.0,0.0,81.0,68.0,52.0,1.0,316.0,2
109756,5,2017-01-13,WN,19393,WN,N7736A,1359,10821,1082104,30852,BWI,"Baltimore, MD",MD,24,Maryland,35,14492,1449202,34492,RDU,"Raleigh/Durham, NC",NC,37,North Carolina,36,1420,1417.0,-3.0,0.0,0.0,-1.0,1400-1459,16.0,1433.0,1523.0,3.0,1530,-4.0,0.0,0.0,-1.0,1500-1559,0.0,0.0,70.0,69.0,50.0,1.0,255.0,2
32489,5,2017-01-20,DL,19790,DL,N990DL,342,10397,1039705,30397,ATL,"Atlanta, GA",GA,13,Georgia,34,10693,1069302,30693,BNA,"Nashville, TN",TN,47,Tennessee,54,2120,2129.0,9.0,9.0,0.0,0.0,2100-2159,22.0,2151.0,2131.0,7.0,2130,8.0,8.0,0.0,0.0,2100-2159,0.0,0.0,70.0,69.0,40.0,1.0,214.0,1
215527,2,2017-01-24,WN,19393,WN,N297WN,4343,12889,1288903,32211,LAS,"Las Vegas, NV",NV,32,Nevada,85,12892,1289204,32575,LAX,"Los Angeles, CA",CA,6,California,91,1725,1726.0,1.0,1.0,0.0,0.0,1700-1759,14.0,1740.0,1823.0,10.0,1830,3.0,3.0,0.0,0.0,1800-1859,0.0,0.0,65.0,67.0,43.0,1.0,236.0,1
394164,5,2017-01-06,NK,20416,NK,N637NK,557,10821,1082104,30852,BWI,"Baltimore, MD",MD,24,Maryland,35,10397,1039705,30397,ATL,"Atlanta, GA",GA,13,Georgia,34,1110,1120.0,10.0,10.0,0.0,0.0,1100-1159,9.0,1129.0,1306.0,7.0,1310,3.0,3.0,0.0,0.0,1300-1359,0.0,0.0,120.0,113.0,97.0,1.0,577.0,3
158895,2,2017-01-10,DL,19790,DL,N922AT,2671,10721,1072102,30721,BOS,"Boston, MA",MA,25,Massachusetts,13,12953,1295302,31703,LGA,"New York, NY",NY,36,New York,22,900,858.0,-2.0,0.0,0.0,-1.0,0900-0959,21.0,919.0,1003.0,6.0,1019,-10.0,0.0,0.0,-1.0,1000-1059,0.0,0.0,79.0,71.0,44.0,1.0,184.0,1
267883,3,2017-01-18,DL,19790,DL,N828DN,1561,10397,1039705,30397,ATL,"Atlanta, GA",GA,13,Georgia,34,14100,1410002,34100,PHL,"Philadelphia, PA",PA,42,Pennsylvania,23,1135,1150.0,15.0,15.0,1.0,1.0,1100-1159,10.0,1200.0,1339.0,4.0,1333,10.0,10.0,0.0,0.0,1300-1359,0.0,0.0,118.0,113.0,99.0,1.0,666.0,3
243668,6,2017-01-21,AA,19805,AA,N4WNAA,2612,11298,1129804,30194,DFW,"Dallas/Fort Worth, TX",TX,48,Texas,74,11540,1154003,30615,ELP,"El Paso, TX",TX,48,Texas,74,1333,1325.0,-8.0,0.0,0.0,-1.0,1300-1359,12.0,1337.0,1410.0,4.0,1414,0.0,0.0,0.0,0.0,1400-1459,0.0,0.0,101.0,109.0,93.0,1.0,551.0,3
409821,4,2017-01-26,OO,20304,OO,N896SK,3554,13232,1323202,30977,MDW,"Chicago, IL",IL,17,Illinois,41,11433,1143302,31295,DTW,"Detroit, MI",MI,26,Michigan,43,1235,1226.0,-9.0,0.0,0.0,-1.0,1200-1259,19.0,1245.0,1437.0,8.0,1454,-9.0,0.0,0.0,-1.0,1400-1459,0.0,0.0,79.0,79.0,52.0,1.0,228.0,1
410024,4,2017-01-26,OO,20304,OO,N243SY,4581,14747,1474703,30559,SEA,"Seattle, WA",WA,53,Washington,93,10713,1071302,30713,BOI,"Boise, ID",ID,16,Idaho,83,1520,1532.0,12.0,12.0,0.0,0.0,1500-1559,19.0,1551.0,1801.0,5.0,1751,15.0,15.0,1.0,1.0,1700-1759,0.0,0.0,91.0,94.0,70.0,1.0,399.0,2
413822,7,2017-01-22,UA,19977,UA,N62849,668,14843,1484304,34819,SJU,"San Juan, PR",PR,72,Puerto Rico,3,12266,1226603,31453,IAH,"Houston, TX",TX,48,Texas,74,1725,1717.0,-8.0,0.0,0.0,-1.0,1700-1759,10.0,1727.0,1959.0,27.0,2020,6.0,6.0,0.0,0.0,2000-2059,0.0,0.0,295.0,309.0,272.0,1.0,2007.0,9
358236,1,2017-01-02,DL,19790,DL,N947DN,2585,13485,1348502,33485,MSN,"Madison, WI",WI,55,Wisconsin,45,13487,1348702,31650,MSP,"Minneapolis, MN",MN,27,Minnesota,63,655,652.0,-3.0,0.0,0.0,-1.0,0600-0659,11.0,703.0,756.0,5.0,811,-10.0,0.0,0.0,-1.0,0800-0859,0.0,0.0,76.0,69.0,53.0,1.0,228.0,1
153886,7,2017-01-08,DL,19790,DL,N906DL,2462,10397,1039705,30397,ATL,"Atlanta, GA",GA,13,Georgia,34,13930,1393004,30977,ORD,"Chicago, IL",IL,17,Illinois,41,1745,1818.0,33.0,33.0,1.0,2.0,1700-1759,31.0,1849.0,1929.0,10.0,1855,44.0,44.0,1.0,2.0,1800-1859,0.0,0.0,130.0,141.0,100.0,1.0,606.0,3
443210,3,2017-01-18,WN,19393,WN,N224WN,4541,13232,1323202,30977,MDW,"Chicago, IL",IL,17,Illinois,41,11292,1129202,30325,DEN,"Denver, CO",CO,8,Colorado,82,1740,1738.0,-2.0,0.0,0.0,-1.0,1700-1759,10.0,1748.0,1845.0,8.0,1920,-27.0,0.0,0.0,-2.0,1900-1959,0.0,0.0,160.0,135.0,117.0,1.0,895.0,4
57600,4,2017-01-19,HA,19690,HA,N476HA,285,13830,1383002,33830,OGG,"Kahului, HI",HI,15,Hawaii,2,12173,1217302,32134,HNL,"Honolulu, HI",HI,15,Hawaii,2,712,725.0,13.0,13.0,0.0,0.0,0700-0759,6.0,731.0,752.0,5.0,747,10.0,10.0,0.0,0.0,0700-0759,0.0,0.0,35.0,32.0,21.0,1.0,100.0,1
210014,4,2017-01-19,WN,19393,WN,N7740A,1359,11066,1106603,31066,CMH,"Columbus, OH",OH,39,Ohio,44,10721,1072102,30721,BOS,"Boston, MA",MA,25,Massachusetts,13,940,936.0,-4.0,0.0,0.0,-1.0,0900-0959,9.0,945.0,1111.0,8.0,1130,-11.0,0.0,0.0,-1.0,1100-1159,0.0,0.0,110.0,103.0,86.0,1.0,640.0,3
182858,5,2017-01-20,OO,20304,OO,N709SK,3035,10372,1037203,30372,ASE,"Aspen, CO",CO,8,Colorado,82,12892,1289204,32575,LAX,"Los Angeles, CA",CA,6,California,91,1830,1854.0,24.0,24.0,1.0,1.0,1800-1859,37.0,1931.0,2019.0,11.0,1948,42.0,42.0,1.0,2.0,1900-1959,0.0,0.0,138.0,156.0,108.0,1.0,737.0,3
104802,3,2017-01-11,WN,19393,WN,N8518R,1400,14492,1449202,34492,RDU,"Raleigh/Durham, NC",NC,37,North Carolina,36,10397,1039705,30397,ATL,"Atlanta, GA",GA,13,Georgia,34,615,615.0,0.0,0.0,0.0,0.0,0600-0659,12.0,627.0,734.0,7.0,745,-4.0,0.0,0.0,-1.0,0700-0759,0.0,0.0,90.0,86.0,67.0,1.0,356.0,2
264373,1,2017-01-16,DL,19790,DL,N943AT,2786,12478,1247803,31703,JFK,"New York, NY",NY,36,New York,22,10994,1099402,30994,CHS,"Charleston, SC",SC,45,South Carolina,37,910,908.0,-2.0,0.0,0.0,-1.0,0900-0959,15.0,923.0,1102.0,6.0,1135,-27.0,0.0,0.0,-2.0,1100-1159,0.0,0.0,145.0,120.0,99.0,1.0,636.0,3
390824,2,2017-01-03,NK,20416,NK,N627NK,307,14025,1402501,34025,PBG,"Plattsburgh, NY",NY,36,New York,22,13204,1320402,31454,MCO,"Orlando, FL",FL,12,Florida,33,1842,1829.0,-13.0,0.0,0.0,-1.0,1800-1859,17.0,1846.0,2130.0,12.0,2201,-19.0,0.0,0.0,-2.0,2200-2259,0.0,0.0,199.0,193.0,164.0,1.0,1199.0,5
385526,2,2017-01-24,F9,20436,F9,N708FR,582,14869,1486903,34614,SLC,"Salt Lake City, UT",UT,49,Utah,87,11292,1129202,30325,DEN,"Denver, CO",CO,8,Colorado,82,625,624.0,-1.0,0.0,0.0,-1.0,0600-0659,10.0,634.0,734.0,8.0,806,-24.0,0.0,0.0,-2.0,0800-0859,0.0,0.0,101.0,78.0,60.0,1.0,391.0,2
248719,7,2017-01-29,B6,20409,B6,N571JB,87,10257,1025702,30257,ALB,"Albany, NY",NY,36,New York,22,11697,1169704,32467,FLL,"Fort Lauderdale, FL",FL,12,Florida,33,1314,1310.0,-4.0,0.0,0.0,-1.0,1300-1359,14.0,1324.0,1638.0,10.0,1637,11.0,11.0,0.0,0.0,1600-1659,0.0,0.0,203.0,218.0,194.0,1.0,1204.0,5
284927,4,2017-01-05,EV,20366,EV,N748EV,5118,15016,1501603,31123,STL,"St. Louis, MO",MO,29,Missouri,64,11433,1143302,31295,DTW,"Detroit, MI",MI,26,Michigan,43,1044,1927.0,523.0,523.0,1.0,12.0,1000-1059,10.0,1937.0,2135.0,6.0,1315,506.0,506.0,1.0,12.0,1300-1359,0.0,0.0,91.0,74.0,58.0,1.0,440.0,2
167603,7,2017-01-22,EV,20366,EV,N186PQ,5297,11637,1163703,31637,FAR,"Fargo, ND",ND,38,North Dakota,66,13487,1348702,31650,MSP,"Minneapolis, MN",MN,27,Minnesota,63,1105,1130.0,25.0,25.0,1.0,1.0,1100-1159,17.0,1147.0,1232.0,3.0,1215,20.0,20.0,1.0,1.0,1200-1259,0.0,0.0,70.0,65.0,45.0,1.0,223.0,1
219923,3,2017-01-25,WN,19393,WN,N418WN,1566,13495,1349503,33495,MSY,"New Orleans, LA",LA,22,Louisiana,72,12892,1289204,32575,LAX,"Los Angeles, CA",CA,6,California,91,1730,1743.0,13.0,13.0,0.0,0.0,1700-1759,9.0,1752.0,2004.0,8.0,1950,22.0,22.0,1.0,1.0,1900-1959,0.0,0.0,260.0,269.0,252.0,1.0,1670.0,7
70143,3,2017-01-11,OO,20304,OO,N758SK,3062,14107,1410702,30466,PHX,"Phoenix, AZ",AZ,4,Arizona,81,11638,1163805,31638,FAT,"Fresno, CA",CA,6,California,91,2115,2110.0,-5.0,0.0,0.0,-1.0,2100-2159,14.0,2124.0,2144.0,3.0,2157,-10.0,0.0,0.0,-1.0,2100-2159,0.0,0.0,102.0,97.0,80.0,1.0,493.0,2
421663,2,2017-01-03,UA,19977,UA,N27477,1649,11697,1169704,32467,FLL,"Fort Lauderdale, FL",FL,12,Florida,33,13930,1393004,30977,ORD,"Chicago, IL",IL,17,Illinois,41,718,715.0,-3.0,0.0,0.0,-1.0,0700-0759,13.0,728.0,912.0,8.0,939,-19.0,0.0,0.0,-2.0,0900-0959,0.0,0.0,201.0,185.0,164.0,1.0,1182.0,5
423178,1,2017-01-02,UA,19977,UA,N36476,1537,12889,1288903,32211,LAS,"Las Vegas, NV",NV,32,Nevada,85,11618,1161802,31703,EWR,"Newark, NJ",NJ,34,New Jersey,21,1035,1035.0,0.0,0.0,0.0,0.0,1000-1059,14.0,1049.0,1802.0,9.0,1825,-14.0,0.0,0.0,-1.0,1800-1859,0.0,0.0,290.0,276.0,253.0,1.0,2227.0,9
281755,7,2017-01-08,EV,20366,EV,N905EV,2781,10781,1078103,30781,BTR,"Baton Rouge, LA",LA,22,Louisiana,72,11298,1129804,30194,DFW,"Dallas/Fort Worth, TX",TX,48,Texas,74,1247,1325.0,38.0,38.0,1.0,2.0,1200-1259,11.0,1336.0,1443.0,9.0,1420,32.0,32.0,1.0,2.0,1400-1459,0.0,0.0,93.0,87.0,67.0,1.0,383.0,2
195364,1,2017-01-09,UA,19977,UA,N805UA,211,13930,1393004,30977,ORD,"Chicago, IL",IL,17,Illinois,41,12953,1295302,31703,LGA,"New York, NY",NY,36,New York,22,1500,1550.0,50.0,50.0,1.0,3.0,1500-1559,13.0,1603.0,1836.0,9.0,1814,31.0,31.0,1.0,2.0,1800-1859,0.0,0.0,134.0,115.0,93.0,1.0,733.0,3
373931,6,2017-01-28,DL,19790,DL,N382DA,2312,14869,1486903,34614,SLC,"Salt Lake City, UT",UT,49,Utah,87,10849,1084903,30849,BZN,"Bozeman, MT",MT,30,Montana,84,2015,2015.0,0.0,0.0,0.0,0.0,2000-2059,25.0,2040.0,2141.0,5.0,2141,5.0,5.0,0.0,0.0,2100-2159,0.0,0.0,86.0,91.0,61.0,1.0,347.0,2
177196,1,2017-01-09,OO,20304,OO,N706SK,3036,14107,1410702,30466,PHX,"Phoenix, AZ",AZ,4,Arizona,81,11921,1192102,31921,GJT,"Grand Junction, CO",CO,8,Colorado,82,1950,1958.0,8.0,8.0,0.0,0.0,1900-1959,21.0,2019.0,2123.0,6.0,2124,5.0,5.0,0.0,0.0,2100-2159,0.0,0.0,94.0,91.0,64.0,1.0,438.0,2
116593,5,2017-01-27,WN,19393,WN,N628SW,289,13487,1348702,31650,MSP,"Minneapolis, MN",MN,27,Minnesota,63,13342,1334205,33342,MKE,"Milwaukee, WI",WI,55,Wisconsin,45,1600,1557.0,-3.0,0.0,0.0,-1.0,1600-1659,12.0,1609.0,1701.0,4.0,1705,0.0,0.0,0.0,0.0,1700-1759,0.0,0.0,65.0,68.0,52.0,1.0,297.0,2
312347,3,2017-01-04,WN,19393,WN,N969WN,2054,12339,1233904,32337,IND,"Indianapolis, IN",IN,18,Indiana,42,11259,1125903,30194,DAL,"Dallas, TX",TX,48,Texas,74,1625,1637.0,12.0,12.0,0.0,0.0,1600-1659,10.0,1647.0,1745.0,5.0,1745,5.0,5.0,0.0,0.0,1700-1759,0.0,0.0,140.0,133.0,118.0,1.0,755.0,4
390719,7,2017-01-22,NK,20416,NK,N618NK,303,10158,1015804,30158,ACY,"Atlantic City, NJ",NJ,34,New Jersey,21,13204,1320402,31454,MCO,"Orlando, FL",FL,12,Florida,33,1735,1921.0,106.0,106.0,1.0,7.0,1700-1759,13.0,1934.0,2222.0,17.0,2008,151.0,151.0,1.0,10.0,2000-2059,0.0,0.0,153.0,198.0,168.0,1.0,852.0,4
57563,2,2017-01-10,HA,19690,HA,N479HA,280,12982,1298202,32982,LIH,"Lihue, HI",HI,15,Hawaii,2,13830,1383002,33830,OGG,"Kahului, HI",HI,15,Hawaii,2,1043,1038.0,-5.0,0.0,0.0,-1.0,1000-1059,8.0,1046.0,1120.0,7.0,1130,-3.0,0.0,0.0,-1.0,1100-1159,0.0,0.0,47.0,49.0,34.0,1.0,201.0,1
108938,4,2017-01-12,WN,19393,WN,N744SW,4614,14908,1490803,32575,SNA,"Santa Ana, CA",CA,6,California,91,14831,1483104,32457,SJC,"San Jose, CA",CA,6,California,91,1015,1013.0,-2.0,0.0,0.0,-1.0,1000-1059,12.0,1025.0,1123.0,4.0,1130,-3.0,0.0,0.0,-1.0,1100-1159,0.0,0.0,75.0,74.0,58.0,1.0,342.0,2
376209,7,2017-01-29,DL,19790,DL,N3747D,2431,12478,1247803,31703,JFK,"New York, NY",NY,36,New York,22,11697,1169704,32467,FLL,"Fort Lauderdale, FL",FL,12,Florida,33,805,801.0,-4.0,0.0,0.0,-1.0,0800-0859,19.0,820.0,1121.0,6.0,1133,-6.0,0.0,0.0,-1.0,1100-1159,0.0,0.0,208.0,206.0,181.0,1.0,1069.0,5
260419,5,2017-01-06,DL,19790,DL,N985AT,2642,11057,1105703,31057,CLT,"Charlotte, NC",NC,37,North Carolina,36,10397,1039705,30397,ATL,"Atlanta, GA",GA,13,Georgia,34,1700,1752.0,52.0,52.0,1.0,3.0,1700-1759,26.0,1818.0,1906.0,7.0,1830,43.0,43.0,1.0,2.0,1800-1859,0.0,0.0,90.0,81.0,48.0,1.0,226.0,1
294263,2,2017-01-31,OO,20304,OO,N885AS,7392,14794,1479403,34794,SGU,"St. George, UT",UT,49,Utah,87,14869,1486903,34614,SLC,"Salt Lake City, UT",UT,49,Utah,87,635,632.0,-3.0,0.0,0.0,-1.0,0600-0659,19.0,651.0,733.0,6.0,745,-6.0,0.0,0.0,-1.0,0700-0759,0.0,0.0,70.0,67.0,42.0,1.0,272.0,2
239474,6,2017-01-28,AA,19805,AA,N3FKAA,2459,15304,1530402,33195,TPA,"Tampa, FL",FL,12,Florida,33,13303,1330303,32467,MIA,"Miami, FL",FL,12,Florida,33,1015,1008.0,-7.0,0.0,0.0,-1.0,1000-1059,17.0,1025.0,1113.0,7.0,1122,-2.0,0.0,0.0,-1.0,1100-1159,0.0,0.0,67.0,72.0,48.0,1.0,204.0,1
432491,5,2017-01-13,WN,19393,WN,N422WN,448,13232,1323202,30977,MDW,"Chicago, IL",IL,17,Illinois,41,14683,1468303,33214,SAT,"San Antonio, TX",TX,48,Texas,74,1830,1830.0,0.0,0.0,0.0,0.0,1800-1859,8.0,1838.0,2112.0,6.0,2120,-2.0,0.0,0.0,-1.0,2100-2159,0.0,0.0,170.0,168.0,154.0,1.0,1036.0,5
90739,4,2017-01-05,UA,19977,UA,N38458,617,13930,1393004,30977,ORD,"Chicago, IL",IL,17,Illinois,41,12892,1289204,32575,LAX,"Los Angeles, CA",CA,6,California,91,1925,1937.0,12.0,12.0,0.0,0.0,1900-1959,16.0,1953.0,2158.0,12.0,2201,9.0,9.0,0.0,0.0,2200-2259,0.0,0.0,276.0,273.0,245.0,1.0,1744.0,7
67731,1,2017-01-09,OO,20304,OO,N796SK,5212,14771,1477102,32457,SFO,"San Francisco, CA",CA,6,California,91,10372,1037203,30372,ASE,"Aspen, CO",CO,8,Colorado,82,920,,,,,,0900-0959,,,,,1244,,,,,1200-1259,1.0,0.0,144.0,,,1.0,848.0,4
49184,4,2017-01-12,EV,20366,EV,N922EV,5482,10397,1039705,30397,ATL,"Atlanta, GA",GA,13,Georgia,34,11146,1114604,31146,CRW,"Charleston/Dunbar, WV",WV,54,West Virginia,39,1740,1837.0,57.0,57.0,1.0,3.0,1700-1759,12.0,1849.0,1945.0,2.0,1904,43.0,43.0,1.0,2.0,1900-1959,0.0,0.0,84.0,70.0,56.0,1.0,363.0,2
9538,3,2017-01-25,AA,19805,AA,N157AA,1632,11298,1129804,30194,DFW,"Dallas/Fort Worth, TX",TX,48,Texas,74,12892,1289204,32575,LAX,"Los Angeles, CA",CA,6,California,91,1929,1945.0,16.0,16.0,1.0,1.0,1900-1959,19.0,2004.0,2110.0,7.0,2106,11.0,11.0,0.0,0.0,2100-2159,0.0,0.0,217.0,212.0,186.0,1.0,1235.0,5
341897,4,2017-01-05,AA,19805,AA,N952AA,1919,14307,1430702,30721,PVD,"Providence, RI",RI,44,Rhode Island,15,14100,1410002,34100,PHL,"Philadelphia, PA",PA,42,Pennsylvania,23,650,640.0,-10.0,0.0,0.0,-1.0,0600-0659,10.0,650.0,751.0,4.0,815,-20.0,0.0,0.0,-2.0,0800-0859,0.0,0.0,85.0,75.0,61.0,1.0,237.0,1
189126,6,2017-01-28,UA,19977,UA,N416UA,2014,11292,1129202,30325,DEN,"Denver, CO",CO,8,Colorado,82,12953,1295302,31703,LGA,"New York, NY",NY,36,New York,22,1745,1741.0,-4.0,0.0,0.0,-1.0,1700-1759,12.0,1753.0,2305.0,6.0,2322,-11.0,0.0,0.0,-1.0,2300-2359,0.0,0.0,217.0,210.0,192.0,1.0,1620.0,7
232228,1,2017-01-30,AA,19805,AA,N3HLAA,1037,13303,1330303,32467,MIA,"Miami, FL",FL,12,Florida,33,11618,1161802,31703,EWR,"Newark, NJ",NJ,34,New Jersey,21,1341,1339.0,-2.0,0.0,0.0,-1.0,1300-1359,35.0,1414.0,1648.0,10.0,1640,18.0,18.0,1.0,1.0,1600-1659,0.0,0.0,179.0,199.0,154.0,1.0,1085.0,5
237114,6,2017-01-14,AA,19805,AA,N107AA,1813,11057,1105703,31057,CLT,"Charlotte, NC",NC,37,North Carolina,36,15304,1530402,33195,TPA,"Tampa, FL",FL,12,Florida,33,755,753.0,-2.0,0.0,0.0,-1.0,0700-0759,12.0,805.0,925.0,4.0,941,-12.0,0.0,0.0,-1.0,0900-0959,0.0,0.0,106.0,96.0,80.0,1.0,507.0,3
60008,4,2017-01-05,NK,20416,NK,N619NK,1009,11433,1143302,31295,DTW,"Detroit, MI",MI,26,Michigan,43,14100,1410002,34100,PHL,"Philadelphia, PA",PA,42,Pennsylvania,23,1510,1500.0,-10.0,0.0,0.0,-1.0,1500-1559,46.0,1546.0,1701.0,4.0,1701,4.0,4.0,0.0,0.0,1700-1759,0.0,0.0,111.0,125.0,75.0,1.0,453.0,2
14807,7,2017-01-22,AA,19805,AA,N3GGAA,2332,11298,1129804,30194,DFW,"Dallas/Fort Worth, TX",TX,48,Texas,74,13930,1393004,30977,ORD,"Chicago, IL",IL,17,Illinois,41,735,725.0,-10.0,0.0,0.0,-1.0,0700-0759,14.0,739.0,929.0,8.0,959,-22.0,0.0,0.0,-2.0,0900-0959,0.0,0.0,144.0,132.0,110.0,1.0,802.0,4
354013,1,2017-01-16,B6,20409,B6,N964JB,416,14771,1477102,32457,SFO,"San Francisco, CA",CA,6,California,91,12478,1247803,31703,JFK,"New York, NY",NY,36,New York,22,1155,1148.0,-7.0,0.0,0.0,-1.0,1100-1159,24.0,1212.0,2025.0,3.0,2028,0.0,0.0,0.0,0.0,2000-2059,0.0,0.0,333.0,340.0,313.0,1.0,2586.0,11
168219,7,2017-01-22,EV,20366,EV,N146PQ,5322,15412,1541203,35412,TYS,"Knoxville, TN",TN,47,Tennessee,54,10397,1039705,30397,ATL,"Atlanta, GA",GA,13,Georgia,34,1514,1502.0,-12.0,0.0,0.0,-1.0,1500-1559,32.0,1534.0,1618.0,4.0,1622,0.0,0.0,0.0,0.0,1600-1659,0.0,0.0,68.0,80.0,44.0,1.0,152.0,1
260705,6,2017-01-07,DL,19790,DL,N905DA,732,11278,1127803,30852,DCA,"Washington, DC",VA,51,Virginia,38,10397,1039705,30397,ATL,"Atlanta, GA",GA,13,Georgia,34,910,1045.0,95.0,95.0,1.0,6.0,0900-0959,40.0,1125.0,1256.0,20.0,1110,126.0,126.0,1.0,8.0,1100-1159,0.0,0.0,120.0,151.0,91.0,1.0,547.0,3
144780,1,2017-01-09,AS,19930,AS,N549AS,99,14747,1474703,30559,SEA,"Seattle, WA",WA,53,Washington,93,10299,1029904,30299,ANC,"Anchorage, AK",AK,2,Alaska,1,700,701.0,1.0,1.0,0.0,0.0,0700-0759,14.0,715.0,931.0,4.0,949,-14.0,0.0,0.0,-1.0,0900-0959,0.0,0.0,229.0,214.0,196.0,1.0,1448.0,6
291961,1,2017-01-30,OO,20304,OO,N795SK,5177,13871,1387102,33316,OMA,"Omaha, NE",NE,31,Nebraska,65,11292,1129202,30325,DEN,"Denver, CO",CO,8,Colorado,82,1215,1204.0,-11.0,0.0,0.0,-1.0,1200-1259,13.0,1217.0,1231.0,6.0,1256,-19.0,0.0,0.0,-2.0,1200-1259,0.0,0.0,101.0,93.0,74.0,1.0,472.0,2
362217,3,2017-01-04,DL,19790,DL,N192DN,2240,14771,1477102,32457,SFO,"San Francisco, CA",CA,6,California,91,12478,1247803,31703,JFK,"New York, NY",NY,36,New York,22,2130,2131.0,1.0,1.0,0.0,0.0,2100-2159,14.0,2145.0,509.0,8.0,557,-40.0,0.0,0.0,-2.0,0001-0559,0.0,0.0,327.0,286.0,264.0,1.0,2586.0,11
336384,3,2017-01-18,AA,19805,AA,N3ETAA,1176,14100,1410002,34100,PHL,"Philadelphia, PA",PA,42,Pennsylvania,23,11292,1129202,30325,DEN,"Denver, CO",CO,8,Colorado,82,1800,1752.0,-8.0,0.0,0.0,-1.0,1800-1859,27.0,1819.0,1943.0,10.0,2023,-30.0,0.0,0.0,-2.0,2000-2059,0.0,0.0,263.0,241.0,204.0,1.0,1558.0,7
63198,6,2017-01-28,NK,20416,NK,N657NK,737,13930,1393004,30977,ORD,"Chicago, IL",IL,17,Illinois,41,12892,1289204,32575,LAX,"Los Angeles, CA",CA,6,California,91,600,554.0,-6.0,0.0,0.0,-1.0,0600-0659,12.0,606.0,731.0,7.0,826,-48.0,0.0,0.0,-2.0,0800-0859,0.0,0.0,266.0,224.0,205.0,1.0,1744.0,7
40151,4,2017-01-26,DL,19790,DL,N3746H,407,13303,1330303,32467,MIA,"Miami, FL",FL,12,Florida,33,12478,1247803,31703,JFK,"New York, NY",NY,36,New York,22,1220,1216.0,-4.0,0.0,0.0,-1.0,1200-1259,14.0,1230.0,1448.0,5.0,1525,-32.0,0.0,0.0,-2.0,1500-1559,0.0,0.0,185.0,157.0,138.0,1.0,1089.0,5
299471,6,2017-01-14,UA,19977,UA,N37471,744,11292,1129202,30325,DEN,"Denver, CO",CO,8,Colorado,82,12892,1289204,32575,LAX,"Los Angeles, CA",CA,6,California,91,1422,1422.0,0.0,0.0,0.0,0.0,1400-1459,9.0,1431.0,1525.0,27.0,1551,1.0,1.0,0.0,0.0,1500-1559,0.0,0.0,149.0,150.0,114.0,1.0,862.0,4
228469,2,2017-01-03,AA,19805,AA,N551AA,755,14100,1410002,34100,PHL,"Philadelphia, PA",PA,42,Pennsylvania,23,14679,1467903,33570,SAN,"San Diego, CA",CA,6,California,91,1800,1819.0,19.0,19.0,1.0,1.0,1800-1859,22.0,1841.0,2142.0,2.0,2058,46.0,46.0,1.0,3.0,2000-2059,0.0,0.0,358.0,385.0,361.0,1.0,2370.0,10
148038,6,2017-01-28,B6,20409,B6,N334JB,1245,10721,1072102,30721,BOS,"Boston, MA",MA,25,Massachusetts,13,11057,1105703,31057,CLT,"Charlotte, NC",NC,37,North Carolina,36,851,833.0,-18.0,0.0,0.0,-2.0,0800-0859,24.0,857.0,1048.0,17.0,1121,-16.0,0.0,0.0,-2.0,1100-1159,0.0,0.0,150.0,152.0,111.0,1.0,728.0,3
10005,2,2017-01-10,AA,19805,AA,N679AA,1650,12889,1288903,32211,LAS,"Las Vegas, NV",NV,32,Nevada,85,14107,1410702,30466,PHX,"Phoenix, AZ",AZ,4,Arizona,81,635,625.0,-10.0,0.0,0.0,-1.0,0600-0659,12.0,637.0,819.0,6.0,847,-22.0,0.0,0.0,-2.0,0800-0859,0.0,0.0,72.0,60.0,42.0,1.0,255.0,2
211264,4,2017-01-19,WN,19393,WN,N487WN,1873,13198,1319801,33198,MCI,"Kansas City, MO",MO,29,Missouri,64,15016,1501603,31123,STL,"St. Louis, MO",MO,29,Missouri,64,1125,1121.0,-4.0,0.0,0.0,-1.0,1100-1159,9.0,1130.0,1208.0,3.0,1220,-9.0,0.0,0.0,-1.0,1200-1259,0.0,0.0,55.0,50.0,38.0,1.0,237.0,1
42720,5,2017-01-27,DL,19790,DL,N323US,518,11433,1143302,31295,DTW,"Detroit, MI",MI,26,Michigan,43,10821,1082104,30852,BWI,"Baltimore, MD",MD,24,Maryland,35,710,707.0,-3.0,0.0,0.0,-1.0,0700-0759,33.0,740.0,841.0,8.0,859,-10.0,0.0,0.0,-1.0,0800-0859,0.0,0.0,109.0,102.0,61.0,1.0,409.0,2
206662,1,2017-01-16,WN,19393,WN,N491WN,36,13204,1320402,31454,MCO,"Orlando, FL",FL,12,Florida,33,10821,1082104,30852,BWI,"Baltimore, MD",MD,24,Maryland,35,2040,2042.0,2.0,2.0,0.0,0.0,2000-2059,7.0,2049.0,2235.0,5.0,2250,-10.0,0.0,0.0,-1.0,2200-2259,0.0,0.0,130.0,118.0,106.0,1.0,787.0,4
119093,6,2017-01-28,WN,19393,WN,N285WN,5839,12889,1288903,32211,LAS,"Las Vegas, NV",NV,32,Nevada,85,10800,1080003,32575,BUR,"Burbank, CA",CA,6,California,91,1410,1405.0,-5.0,0.0,0.0,-1.0,1400-1459,16.0,1421.0,1505.0,3.0,1515,-7.0,0.0,0.0,-1.0,1500-1559,0.0,0.0,65.0,63.0,44.0,1.0,223.0,1
8866,2,2017-01-10,AA,19805,AA,N3CVAA,1606,11298,1129804,30194,DFW,"Dallas/Fort Worth, TX",TX,48,Texas,74,14492,1449202,34492,RDU,"Raleigh/Durham, NC",NC,37,North Carolina,36,2025,2054.0,29.0,29.0,1.0,1.0,2000-2059,15.0,2109.0,16.0,3.0,2356,23.0,23.0,1.0,1.0,2300-2359,0.0,0.0,151.0,145.0,127.0,1.0,1061.0,5
169975,1,2017-01-16,EV,20366,EV,N607LR,5383,12953,1295302,31703,LGA,"New York, NY",NY,36,New York,22,10990,1099003,30990,CHO,"Charlottesville, VA",VA,51,Virginia,38,2110,606.0,536.0,536.0,1.0,12.0,2100-2159,27.0,633.0,721.0,2.0,2245,518.0,518.0,1.0,12.0,2200-2259,0.0,0.0,95.0,77.0,48.0,1.0,305.0,2
339686,1,2017-01-02,AA,19805,AA,N715AA,1863,14524,1452401,34524,RIC,"Richmond, VA",VA,51,Virginia,38,11057,1105703,31057,CLT,"Charlotte, NC",NC,37,North Carolina,36,700,653.0,-7.0,0.0,0.0,-1.0,0700-0759,22.0,715.0,815.0,9.0,825,-1.0,0.0,0.0,-1.0,0800-0859,0.0,0.0,85.0,91.0,60.0,1.0,257.0,2
361936,3,2017-01-04,DL,19790,DL,N320NB,1965,10721,1072102,30721,BOS,"Boston, MA",MA,25,Massachusetts,13,13487,1348702,31650,MSP,"Minneapolis, MN",MN,27,Minnesota,63,1429,1423.0,-6.0,0.0,0.0,-1.0,1400-1459,18.0,1441.0,1631.0,9.0,1654,-14.0,0.0,0.0,-1.0,1600-1659,0.0,0.0,205.0,197.0,170.0,1.0,1124.0,5
404149,7,2017-01-15,OO,20304,OO,N772SK,4502,14869,1486903,34614,SLC,"Salt Lake City, UT",UT,49,Utah,87,10713,1071302,30713,BOI,"Boise, ID",ID,16,Idaho,83,1356,1355.0,-1.0,0.0,0.0,-1.0,1300-1359,15.0,1410.0,1459.0,6.0,1513,-8.0,0.0,0.0,-1.0,1500-1559,0.0,0.0,77.0,70.0,49.0,1.0,290.0,2
348849,5,2017-01-20,AS,19930,AS,N644AS,689,11884,1188402,31884,GEG,"Spokane, WA",WA,53,Washington,93,14747,1474703,30559,SEA,"Seattle, WA",WA,53,Washington,93,950,943.0,-7.0,0.0,0.0,-1.0,0900-0959,10.0,953.0,1035.0,10.0,1059,-14.0,0.0,0.0,-1.0,1000-1059,0.0,0.0,69.0,62.0,42.0,1.0,224.0,1
280655,2,2017-01-31,DL,19790,DL,N949DN,2501,11884,1188402,31884,GEG,"Spokane, WA",WA,53,Washington,93,13487,1348702,31650,MSP,"Minneapolis, MN",MN,27,Minnesota,63,1359,1414.0,15.0,15.0,1.0,1.0,1300-1359,10.0,1424.0,1836.0,6.0,1901,-19.0,0.0,0.0,-2.0,1900-1959,0.0,0.0,182.0,148.0,132.0,1.0,1175.0,5
323763,5,2017-01-27,WN,19393,WN,N7721E,4263,11292,1129202,30325,DEN,"Denver, CO",CO,8,Colorado,82,11986,1198603,31986,GRR,"Grand Rapids, MI",MI,26,Michigan,43,1740,1737.0,-3.0,0.0,0.0,-1.0,1700-1759,10.0,1747.0,2149.0,5.0,2205,-11.0,0.0,0.0,-1.0,2200-2259,0.0,0.0,145.0,137.0,122.0,1.0,1015.0,5
218640,3,2017-01-25,WN,19393,WN,N650SW,910,11292,1129202,30325,DEN,"Denver, CO",CO,8,Colorado,82,14747,1474703,30559,SEA,"Seattle, WA",WA,53,Washington,93,2140,2134.0,-6.0,0.0,0.0,-1.0,2100-2159,16.0,2150.0,2314.0,5.0,2340,-21.0,0.0,0.0,-2.0,2300-2359,0.0,0.0,180.0,165.0,144.0,1.0,1024.0,5
342807,4,2017-01-26,AA,19805,AA,N725AA,1942,11057,1105703,31057,CLT,"Charlotte, NC",NC,37,North Carolina,36,10792,1079204,30792,BUF,"Buffalo, NY",NY,36,New York,22,930,921.0,-9.0,0.0,0.0,-1.0,0900-0959,21.0,942.0,1100.0,3.0,1115,-12.0,0.0,0.0,-1.0,1100-1159,0.0,0.0,105.0,102.0,78.0,1.0,546.0,3
385188,1,2017-01-23,F9,20436,F9,N214FR,269,11292,1129202,30325,DEN,"Denver, CO",CO,8,Colorado,82,14908,1490803,32575,SNA,"Santa Ana, CA",CA,6,California,91,959,954.0,-5.0,0.0,0.0,-1.0,0900-0959,13.0,1007.0,1149.0,5.0,1127,27.0,27.0,1.0,1.0,1100-1159,0.0,0.0,148.0,180.0,162.0,1.0,846.0,4
157852,2,2017-01-10,DL,19790,DL,N997AT,1677,14869,1486903,34614,SLC,"Salt Lake City, UT",UT,49,Utah,87,14747,1474703,30559,SEA,"Seattle, WA",WA,53,Washington,93,825,823.0,-2.0,0.0,0.0,-1.0,0800-0859,16.0,839.0,937.0,8.0,947,-2.0,0.0,0.0,-1.0,0900-0959,0.0,0.0,142.0,142.0,118.0,1.0,689.0,3
115361,7,2017-01-22,WN,19393,WN,N8611F,4134,10423,1042302,30423,AUS,"Austin, TX",TX,48,Texas,74,11278,1127803,30852,DCA,"Washington, DC",VA,51,Virginia,38,1240,1237.0,-3.0,0.0,0.0,-1.0,1200-1259,14.0,1251.0,1623.0,6.0,1635,-6.0,0.0,0.0,-1.0,1600-1659,0.0,0.0,175.0,172.0,152.0,1.0,1315.0,6
296368,1,2017-01-16,UA,19977,UA,N69838,124,12266,1226603,31453,IAH,"Houston, TX",TX,48,Texas,74,13204,1320402,31454,MCO,"Orlando, FL",FL,12,Florida,33,1041,1041.0,0.0,0.0,0.0,0.0,1000-1059,12.0,1053.0,1340.0,6.0,1359,-13.0,0.0,0.0,-1.0,1300-1359,0.0,0.0,138.0,125.0,107.0,1.0,854.0,4
436172,6,2017-01-14,WN,19393,WN,N782SA,1309,14107,1410702,30466,PHX,"Phoenix, AZ",AZ,4,Arizona,81,14869,1486903,34614,SLC,"Salt Lake City, UT",UT,49,Utah,87,1540,1556.0,16.0,16.0,1.0,1.0,1500-1559,14.0,1610.0,1720.0,4.0,1710,14.0,14.0,0.0,0.0,1700-1759,0.0,0.0,90.0,88.0,70.0,1.0,507.0,3
144737,1,2017-01-09,AS,19930,AS,N713AS,61,15991,1599102,35991,YAK,"Yakutat, AK",AK,2,Alaska,1,10926,1092603,30913,CDV,"Cordova, AK",AK,2,Alaska,1,1159,1131.0,-28.0,0.0,0.0,-2.0,1100-1159,6.0,1137.0,1212.0,4.0,1248,-32.0,0.0,0.0,-2.0,1200-1259,0.0,0.0,49.0,45.0,35.0,1.0,213.0,1
141441,1,2017-01-02,AS,19930,AS,N468AS,145,14057,1405702,34057,PDX,"Portland, OR",OR,41,Oregon,92,10299,1029904,30299,ANC,"Anchorage, AK",AK,2,Alaska,1,2245,2250.0,5.0,5.0,0.0,0.0,2200-2259,10.0,2300.0,126.0,4.0,144,-14.0,0.0,0.0,-1.0,0001-0559,0.0,0.0,239.0,220.0,206.0,1.0,1542.0,7
345770,6,2017-01-14,AS,19930,AS,N793AS,126,11630,1163002,31517,FAI,"Fairbanks, AK",AK,2,Alaska,1,14747,1474703,30559,SEA,"Seattle, WA",WA,53,Washington,93,630,617.0,-13.0,0.0,0.0,-1.0,0600-0659,33.0,650.0,1110.0,10.0,1113,7.0,7.0,0.0,0.0,1100-1159,0.0,0.0,223.0,243.0,200.0,1.0,1533.0,7
314130,2,2017-01-10,WN,19393,WN,N606SW,572,11540,1154003,30615,ELP,"El Paso, TX",TX,48,Texas,74,12889,1288903,32211,LAS,"Las Vegas, NV",NV,32,Nevada,85,1445,1443.0,-2.0,0.0,0.0,-1.0,1400-1459,9.0,1452.0,1527.0,5.0,1535,-3.0,0.0,0.0,-1.0,1500-1559,0.0,0.0,110.0,109.0,95.0,1.0,583.0,3
153898,7,2017-01-08,DL,19790,DL,N921DL,2472,10397,1039705,30397,ATL,"Atlanta, GA",GA,13,Georgia,34,10994,1099402,30994,CHS,"Charleston, SC",SC,45,South Carolina,37,1354,1356.0,2.0,2.0,0.0,0.0,1300-1359,13.0,1409.0,1451.0,10.0,1503,-2.0,0.0,0.0,-1.0,1500-1559,0.0,0.0,69.0,65.0,42.0,1.0,259.0,2
96527,1,2017-01-02,WN,19393,WN,N212WN,1734,12889,1288903,32211,LAS,"Las Vegas, NV",NV,32,Nevada,85,14771,1477102,32457,SFO,"San Francisco, CA",CA,6,California,91,1710,1732.0,22.0,22.0,1.0,1.0,1700-1759,17.0,1749.0,1906.0,12.0,1845,33.0,33.0,1.0,2.0,1800-1859,0.0,0.0,95.0,106.0,77.0,1.0,414.0,2
144923,1,2017-01-09,AS,19930,AS,N478AS,479,12892,1289204,32575,LAX,"Los Angeles, CA",CA,6,California,91,14747,1474703,30559,SEA,"Seattle, WA",WA,53,Washington,93,1600,1609.0,9.0,9.0,0.0,0.0,1600-1659,28.0,1637.0,1902.0,11.0,1843,30.0,30.0,1.0,2.0,1800-1859,0.0,0.0,163.0,184.0,145.0,1.0,954.0,4
